outcome_key,outcome,direction,model,sample_mode,lag,term,coefficient,std_error,p_value,ci_low,ci_high,standardized_coefficient,standardized_ci_low,standardized_ci_high,n_obs,n_countries
composite,Composite,populism_to_corruption,lead_lag,outcome_specific,1,populism_governing_lag1,-0.04828271418866661,0.022436138412667256,0.03146307021063688,-0.09227151050987059,-0.004293917867462624,-0.07378087929503602,-0.14100021702792798,-0.006561541562144052,3750,95
composite,Composite,populism_to_corruption,lead_lag,outcome_specific,2,populism_governing_lag2,-0.00802645295347239,0.019434694152734758,0.6796340373866083,-0.046130550321978055,0.03007764441503328,-0.012265233354806684,-0.07049215484904042,0.045961688139427054,3750,95
composite,Composite,populism_to_corruption,granger,outcome_specific,1,populism_governing_lag1,-0.000497307201208172,0.0063971444550000875,0.938040039443981,-0.013039694477652122,0.012045080075235777,-0.0007599357907162761,-0.01992597434643862,0.01840610276500607,3750,95
composite,Composite,populism_to_corruption,granger,outcome_specific,2,populism_governing_lag2,0.003786188671716787,0.006517877479589499,0.5613489882865623,-0.0089929105255082,0.016565287868941774,0.005785679907815546,-0.013742078446561806,0.0253134382621929,3750,95
composite,Composite,corruption_to_populism,lead_lag,outcome_specific,1,corruption_composite_lag1,-0.06633816884150236,0.12206734627657581,0.5868498442228198,-0.30566614650269125,0.1729898088196865,-0.04317285879828283,-0.19892742915327452,0.11258171155670883,3750,95
composite,Composite,corruption_to_populism,lead_lag,outcome_specific,2,corruption_composite_lag2,-0.1258718443122979,0.10929006147148018,0.24951143831717126,-0.3401483907293279,0.08840470210473209,-0.08191735551456032,-0.2213684625288164,0.05753375149969574,3750,95
composite,Composite,corruption_to_populism,granger,outcome_specific,1,corruption_composite_lag1,-0.022764260980115306,0.02791414120937281,0.414834369830551,-0.07749336269105869,0.03196484073082807,-0.014814973673601333,-0.05043265534293919,0.020802707995736518,3750,95
composite,Composite,corruption_to_populism,granger,outcome_specific,2,corruption_composite_lag2,-0.007617034896772195,0.026839897667449056,0.7765836220839448,-0.06023995022615036,0.04500588043260598,-0.004957163844025263,-0.03920414009833373,0.0292898124102832,3750,95
executive,Executive,populism_to_corruption,lead_lag,outcome_specific,1,populism_governing_lag1,0.014847538501933422,0.031043249364552418,0.6324759694848301,-0.04601655264998514,0.07571162965385199,0.018798973341737323,-0.058263121960119874,0.09586106864359452,3750,95
executive,Executive,populism_to_corruption,lead_lag,outcome_specific,2,populism_governing_lag2,0.009180251702699682,0.026761963441158915,0.7315932166863506,-0.04328985421820133,0.061650357623600695,0.01162342882673899,-0.05481075636272567,0.07805761401620365,3750,95
executive,Executive,populism_to_corruption,granger,outcome_specific,1,populism_governing_lag1,0.013546455844943125,0.013791384627153791,0.3260473729359159,-0.013493247305258135,0.04058615899514438,0.017151628350446518,-0.017084259209160194,0.05138751591005323,3750,95
executive,Executive,populism_to_corruption,granger,outcome_specific,2,populism_governing_lag2,-0.0075771706363822675,0.013628506918539358,0.5782593928685404,-0.03429753203738396,0.01914319076461943,-0.009593713380881037,-0.04342527149360168,0.02423784473183961,3750,95
executive,Executive,corruption_to_populism,lead_lag,outcome_specific,1,corruption_executive_lag1,0.09820321117199582,0.09613102512841519,0.30705972818640204,-0.09027343337102928,0.2866798557150209,0.07681370476129955,-0.07061110096090722,0.22423851048350632,3750,95
executive,Executive,corruption_to_populism,lead_lag,outcome_specific,2,corruption_executive_lag2,-0.08661325451097444,0.07248923760410202,0.23222701894525533,-0.22873728003605692,0.05551077101410802,-0.06774814062616435,-0.17891632755083245,0.04342004629850374,3750,95
executive,Executive,corruption_to_populism,granger,outcome_specific,1,corruption_executive_lag1,-0.0010357589200563908,0.020830551872334537,0.9603458314877296,-0.04187661386755825,0.03980509602744547,-0.0008101616936919674,-0.032755526175124235,0.0311352027877403,3750,95
executive,Executive,corruption_to_populism,granger,outcome_specific,2,corruption_executive_lag2,-0.0075015954141394075,0.020372067948896823,0.7127237893848073,-0.04744353632769529,0.03244034549941647,-0.005867683230553491,-0.03710992490790167,0.02537455844679469,3750,95
public_sector,Public sector,populism_to_corruption,lead_lag,outcome_specific,1,populism_governing_lag1,-0.054051305997329456,0.027959589511652484,0.05329055984363973,-0.10886950446049085,0.0007668924658319268,-0.07141921220472383,-0.14385173675676008,0.0010133123473123923,3750,95
public_sector,Public sector,populism_to_corruption,lead_lag,outcome_specific,2,populism_governing_lag2,-0.016581454726272555,0.023838567463697054,0.48674136790810874,-0.06331988490808149,0.03015697545553638,-0.021909450880191327,-0.08366599499468887,0.039847093234306206,3750,95
public_sector,Public sector,populism_to_corruption,granger,outcome_specific,1,populism_governing_lag1,-0.006318809096948034,0.009030858264672072,0.48416556065025684,-0.024024915718576626,0.011387297524680557,-0.00834918526849967,-0.03174466411580147,0.015046293578802128,3750,95
public_sector,Public sector,populism_to_corruption,granger,outcome_specific,2,populism_governing_lag2,0.007527279671012573,0.009623874374033836,0.4341798921282982,-0.011341507855683244,0.02639606719770839,0.009945964750137802,-0.014985790654283251,0.03487772015455886,3750,95
public_sector,Public sector,corruption_to_populism,lead_lag,outcome_specific,1,corruption_public_sector_lag1,-0.06921591010307519,0.09596363284255278,0.4707887824321264,-0.2573643615750331,0.11893254136888272,-0.05205585377844619,-0.1935584109777941,0.08944670342090172,3750,95
public_sector,Public sector,corruption_to_populism,lead_lag,outcome_specific,2,corruption_public_sector_lag2,-0.0958553514046816,0.07957702474780563,0.22845205749468422,-0.25187585141649643,0.060165148607133234,-0.07209082636019531,-0.18943061605537195,0.04524896333498133,3750,95
public_sector,Public sector,corruption_to_populism,granger,outcome_specific,1,corruption_public_sector_lag1,-0.00902428048357306,0.02486772062122473,0.7167073479124055,-0.057780500529538495,0.03973193956239238,-0.006786974622005203,-0.043455518858769644,0.02988156961475924,3750,95
public_sector,Public sector,corruption_to_populism,granger,outcome_specific,2,corruption_public_sector_lag2,-0.016255735033603266,0.023251263944291233,0.4845138125834625,-0.06184269326278309,0.02933122319557656,-0.01222560195640367,-0.04651060995887572,0.022059406046068382,3750,95
legislative,Legislative,populism_to_corruption,lead_lag,outcome_specific,1,populism_governing_lag1,-0.2681069629089188,0.12333318689815079,0.029785113768904914,-0.5099208971491119,-0.0262930286687256,-0.08454717394466434,-0.1608028762905773,-0.00829147159875138,3576,95
legislative,Legislative,populism_to_corruption,lead_lag,outcome_specific,2,populism_governing_lag2,0.11767745857802218,0.10244135549503967,0.25074743097455165,-0.08317478422999362,0.318529701386038,0.03710942995218683,-0.02622905751422864,0.1004479174186023,3576,95
legislative,Legislative,populism_to_corruption,granger,outcome_specific,1,populism_governing_lag1,-0.03280666819819699,0.02767871351792093,0.23599585709831228,-0.08707553966814985,0.021462203271755874,-0.010465280607235145,-0.027776973606350713,0.006846412391880428,3501,95
legislative,Legislative,populism_to_corruption,granger,outcome_specific,2,populism_governing_lag2,0.07325895086455395,0.025441767128289886,0.004008608894203514,0.02337599697077248,0.12314190475833542,0.02336950138177531,0.007456909866466037,0.039282092897084585,3501,95
legislative,Legislative,corruption_to_populism,lead_lag,outcome_specific,1,corruption_legislative_lag1,-0.015565582133836634,0.023122719372370128,0.5008834723847064,-0.060901509044434865,0.0297703447767616,-0.048875207672104036,-0.19122792045282824,0.09347750510862017,3527,95
legislative,Legislative,corruption_to_populism,lead_lag,outcome_specific,2,corruption_legislative_lag2,-0.013283168827917967,0.0181945853291837,0.4654030860413143,-0.04895667147130383,0.022390333815467893,-0.041708535500052574,-0.1537216831674751,0.07030461216736991,3527,95
legislative,Legislative,corruption_to_populism,granger,outcome_specific,1,corruption_legislative_lag1,-0.011653591441254725,0.00682457154448735,0.08780372535318115,-0.025034298845773423,0.0017271159632639733,-0.03659173790738206,-0.07860654002479674,0.005423064210032625,3527,95
legislative,Legislative,corruption_to_populism,granger,outcome_specific,2,corruption_legislative_lag2,0.005461215771145394,0.0068378708515589165,0.42453677584053406,-0.007945567136494261,0.01886799867878505,0.01714796482790525,-0.024948713162781206,0.0592446428185917,3527,95
judicial,Judicial,populism_to_corruption,lead_lag,outcome_specific,1,populism_governing_lag1,-0.35075023780618375,0.1258167156564775,0.0053347585348295645,-0.5974293131898014,-0.10407116242256612,-0.11380999854766116,-0.19385141316435275,-0.03376858393096959,3750,95
judicial,Judicial,populism_to_corruption,lead_lag,outcome_specific,2,populism_governing_lag2,-0.20699857469643476,0.09020911160971615,0.021810261618370852,-0.3838645827380037,-0.0301325666548658,-0.06716604850482537,-0.12455480537136944,-0.009777291638281307,3750,95
judicial,Judicial,populism_to_corruption,granger,outcome_specific,1,populism_governing_lag1,-0.03927473798695528,0.027054861510107484,0.14668039981644432,-0.09231911632752858,0.013769640353618023,-0.01274370589514779,-0.029955328215524175,0.004467916425228594,3750,95
judicial,Judicial,populism_to_corruption,granger,outcome_specific,2,populism_governing_lag2,0.022952752492352388,0.028908929695827576,0.42726661639326236,-0.03372675420679022,0.079632259191495,0.007447614987114906,-0.01094351887343025,0.025838748847660062,3750,95
judicial,Judicial,corruption_to_populism,lead_lag,outcome_specific,1,corruption_judicial_lag1,-0.05581671386911789,0.021099593082193422,0.008195040156793842,-0.09718504943032426,-0.014448378307911527,-0.17177097265017655,-0.2990783460818974,-0.044463599218455684,3750,95
judicial,Judicial,corruption_to_populism,lead_lag,outcome_specific,2,corruption_judicial_lag2,-0.005493052394765746,0.017847806286512086,0.7582737260365175,-0.040485861811310496,0.029499757021779004,-0.016904380198371666,-0.12459163895273839,0.09078287855599505,3750,95
judicial,Judicial,corruption_to_populism,granger,outcome_specific,1,corruption_judicial_lag1,-0.008368410593752072,0.007720981785884489,0.27850244778081024,-0.023506343525255925,0.0067695223377517814,-0.025753039324304308,-0.07233868156857512,0.020832602919966508,3750,95
judicial,Judicial,corruption_to_populism,granger,outcome_specific,2,corruption_judicial_lag2,0.0019324233256009465,0.006522905775150287,0.7670547838048747,-0.010856534462548077,0.01472138111374997,0.005946860916762335,-0.03341001923930561,0.04530374107283028,3750,95
composite,Composite,populism_to_corruption,lead_lag,common,1,populism_governing_lag1,-0.04835410987793801,0.023237207320903865,0.037517854224879965,-0.09391427632091698,-0.002793943434959041,-0.07591107119865627,-0.14743593325083906,-0.004386209146473453,3576,95
composite,Composite,populism_to_corruption,lead_lag,common,2,populism_governing_lag2,-0.002315731681998071,0.019251772591970154,0.9042631056058748,-0.04006183221377331,0.03543036884977717,-0.0036354649694284864,-0.06289303236488512,0.05562210242602815,3576,95
composite,Composite,populism_to_corruption,granger,common,1,populism_governing_lag1,-0.0016904790614617861,0.006621876353384626,0.798517084346078,-0.014673804911453953,0.011292846788530382,-0.0026963121137487988,-0.023404701566269177,0.01801207733877158,3501,95
composite,Composite,populism_to_corruption,granger,common,2,populism_governing_lag2,0.005772373691870444,0.006436803052125503,0.3699025725457692,-0.0068480841660075575,0.018392831549748447,0.009206929245853299,-0.010922686186252367,0.029336544677958966,3501,95
composite,Composite,corruption_to_populism,lead_lag,common,1,corruption_composite_lag1,-0.1381422453931395,0.14704893434810648,0.347576897034785,-0.4264560735604781,0.15017158277419915,-0.08659272072753241,-0.26731860029702714,0.09413315884196237,3527,95
composite,Composite,corruption_to_populism,lead_lag,common,2,corruption_composite_lag2,-0.05493791819611855,0.1306328475565314,0.6741089058075749,-0.3110652851191888,0.20118944872695171,-0.034437139733539984,-0.19498734283418467,0.1261130633671047,3527,95
composite,Composite,corruption_to_populism,granger,common,1,corruption_composite_lag1,-0.048396511147001706,0.03353563532473783,0.14907461871302496,-0.1141487010068072,0.017355678712803788,-0.030336741392994276,-0.0715526706516379,0.010879187865649348,3527,95
composite,Composite,corruption_to_populism,granger,common,2,corruption_composite_lag2,0.014649911514505485,0.03270812140358063,0.6542553193942728,-0.049479799691513365,0.07877962272052433,0.009183111892009507,-0.031015787126870063,0.04938201091088907,3527,95
executive,Executive,populism_to_corruption,lead_lag,common,1,populism_governing_lag1,0.014162514202474845,0.030667766588472836,0.6442507731713962,-0.04596642172814899,0.07429145013309868,0.01826966275322326,-0.059296747098687166,0.09583607260513369,3576,95
executive,Executive,populism_to_corruption,lead_lag,common,2,populism_governing_lag2,0.012433583896969308,0.02703482994819047,0.6456100980865012,-0.04057241356164785,0.06543958135558646,0.016039340286899188,-0.052338469162917296,0.08441714973671567,3576,95
executive,Executive,populism_to_corruption,granger,common,1,populism_governing_lag1,0.013201910264921637,0.014744846889694201,0.37066024504830897,-0.015707894382713385,0.042111714912556664,0.017297912545441246,-0.020581399043982727,0.05517722413486523,3501,95
executive,Executive,populism_to_corruption,granger,common,2,populism_governing_lag2,-0.005453895209820425,0.01339526233146699,0.683923035882589,-0.03171760754970259,0.02080981713006174,-0.007146011484576216,-0.04155825865618691,0.027266235687034478,3501,95
executive,Executive,corruption_to_populism,lead_lag,common,1,corruption_executive_lag1,0.10612756261400494,0.11164330719227292,0.34187798514451484,-0.11276766045281125,0.3250227856808211,0.0808312706759901,-0.08588865193024289,0.24755119328222305,3527,95
executive,Executive,corruption_to_populism,lead_lag,common,2,corruption_executive_lag2,-0.08898783757078715,0.08362347126819909,0.2873371765429744,-0.25294552439700513,0.07496984925543085,-0.06777692626105902,-0.19265408198601622,0.05710022946389819,3527,95
executive,Executive,corruption_to_populism,granger,common,1,corruption_executive_lag1,0.0050260783352762016,0.023382889428089658,0.8298217319688783,-0.04081996484412522,0.05087212151467762,0.003828075274234446,-0.03109022336921614,0.038746373917685026,3527,95
executive,Executive,corruption_to_populism,granger,common,2,corruption_executive_lag2,-0.014981269114527311,0.02372398695613386,0.5277681749008791,-0.06149609072044413,0.03153355249138951,-0.011410372471009768,-0.04683804124116856,0.024017296299149025,3527,95
public_sector,Public sector,populism_to_corruption,lead_lag,common,1,populism_governing_lag1,-0.058510338094967015,0.02974266306441742,0.04923842012264279,-0.11682546439042718,-0.0001952117995068503,-0.07880565930540448,-0.15734839422743996,-0.0002629243833690147,3576,95
public_sector,Public sector,populism_to_corruption,lead_lag,common,2,populism_governing_lag2,-0.015132643778236154,0.023823858657237292,0.5253477776191213,-0.06184303159499023,0.031577744038517916,-0.020381662605369697,-0.08329435509974235,0.04253102988900296,3576,95
public_sector,Public sector,populism_to_corruption,granger,common,1,populism_governing_lag1,-0.00992036092631661,0.008768464533833004,0.25798110867200696,-0.02711244156501123,0.00727171971237801,-0.013543335980087398,-0.037014067137552314,0.00992739517737752,3501,95
public_sector,Public sector,populism_to_corruption,granger,common,2,populism_governing_lag2,0.010554985906392703,0.008854943152865719,0.23335031024050856,-0.006806650916990443,0.02791662272977585,0.014409729792809096,-0.009292480480566485,0.03811194006618468,3501,95
public_sector,Public sector,corruption_to_populism,lead_lag,common,1,corruption_public_sector_lag1,-0.13712593059923822,0.10485447402016093,0.1910389671620487,-0.3427105201050692,0.06845865890659272,-0.10033398947879137,-0.25075865351089294,0.050090674553310184,3527,95
public_sector,Public sector,corruption_to_populism,lead_lag,common,2,corruption_public_sector_lag2,-0.038627078261742526,0.08736087762802111,0.658405083882281,-0.2099125702148334,0.13265841369134834,-0.028263136278993867,-0.15359141425231027,0.09706514169432254,3527,95
public_sector,Public sector,corruption_to_populism,granger,common,1,corruption_public_sector_lag1,-0.019620461486060198,0.027835013721153858,0.4809308830690504,-0.074195634707649,0.03495471173552861,-0.014356140867804117,-0.05428837565293328,0.02557609391732504,3527,95
public_sector,Public sector,corruption_to_populism,granger,common,2,corruption_public_sector_lag2,-0.006357849152465664,0.026219903789874707,0.8084215832381201,-0.057766330769211456,0.04505063246428013,-0.004651989358858552,-0.04226718023570257,0.032963201517985465,3527,95
legislative,Legislative,populism_to_corruption,lead_lag,common,1,populism_governing_lag1,-0.2681069629089188,0.12333318689815079,0.029785113768904914,-0.5099208971491119,-0.0262930286687256,-0.08454717394466434,-0.1608028762905773,-0.00829147159875138,3576,95
legislative,Legislative,populism_to_corruption,lead_lag,common,2,populism_governing_lag2,0.11767745857802218,0.10244135549503967,0.25074743097455165,-0.08317478422999362,0.318529701386038,0.03710942995218683,-0.02622905751422864,0.1004479174186023,3576,95
legislative,Legislative,populism_to_corruption,granger,common,1,populism_governing_lag1,-0.03280666819819699,0.02767871351792093,0.23599585709831228,-0.08707553966814985,0.021462203271755874,-0.010465280607235145,-0.027776973606350713,0.006846412391880428,3501,95
legislative,Legislative,populism_to_corruption,granger,common,2,populism_governing_lag2,0.07325895086455395,0.025441767128289886,0.004008608894203514,0.02337599697077248,0.12314190475833542,0.02336950138177531,0.007456909866466037,0.039282092897084585,3501,95
legislative,Legislative,corruption_to_populism,lead_lag,common,1,corruption_legislative_lag1,-0.015565582133836634,0.023122719372370128,0.5008834723847064,-0.060901509044434865,0.0297703447767616,-0.048875207672104036,-0.19122792045282824,0.09347750510862017,3527,95
legislative,Legislative,corruption_to_populism,lead_lag,common,2,corruption_legislative_lag2,-0.013283168827917967,0.0181945853291837,0.4654030860413143,-0.04895667147130383,0.022390333815467893,-0.041708535500052574,-0.1537216831674751,0.07030461216736991,3527,95
legislative,Legislative,corruption_to_populism,granger,common,1,corruption_legislative_lag1,-0.011653591441254725,0.00682457154448735,0.08780372535318115,-0.025034298845773423,0.0017271159632639733,-0.03659173790738206,-0.07860654002479674,0.005423064210032625,3527,95
legislative,Legislative,corruption_to_populism,granger,common,2,corruption_legislative_lag2,0.005461215771145394,0.0068378708515589165,0.42453677584053406,-0.007945567136494261,0.01886799867878505,0.01714796482790525,-0.024948713162781206,0.0592446428185917,3527,95
judicial,Judicial,populism_to_corruption,lead_lag,common,1,populism_governing_lag1,-0.2894534456697732,0.12061122438535483,0.016453083447510952,-0.5259305481891007,-0.05297634315044575,-0.09694793629916802,-0.17615226920391766,-0.017743603394418366,3576,95
judicial,Judicial,populism_to_corruption,lead_lag,common,2,populism_governing_lag2,-0.14543739979219406,0.08446249725362497,0.08517473339949011,-0.3110392890348436,0.020164489450455514,-0.0487119983593364,-0.10417777929750686,0.006753782578834065,3576,95
judicial,Judicial,populism_to_corruption,granger,common,1,populism_governing_lag1,-0.02411353909192921,0.02575486675769193,0.34920101834431416,-0.0746103785817413,0.02638330039788287,-0.008136892725955892,-0.02517658832443144,0.008902802872519653,3501,95
judicial,Judicial,populism_to_corruption,granger,common,2,populism_governing_lag2,0.02623444054216133,0.027259397190458955,0.33591817325113404,-0.027212289253267786,0.07968117033759045,0.008852571478754113,-0.009182537562710265,0.026887680520218494,3501,95
judicial,Judicial,corruption_to_populism,lead_lag,common,1,corruption_judicial_lag1,-0.05687135396077472,0.023691885239774176,0.016428340323924262,-0.10332322496726812,-0.010419482954281321,-0.16829559675190295,-0.30575751398834167,-0.03083367951546424,3527,95
judicial,Judicial,corruption_to_populism,lead_lag,common,2,corruption_judicial_lag2,0.0011479618112836586,0.019405253827296385,0.9528303408885908,-0.036899257247524596,0.03919518087009192,0.003397086663553507,-0.10919350579304438,0.1159876791201514,3527,95
judicial,Judicial,corruption_to_populism,granger,common,1,corruption_judicial_lag1,-0.012430873325420972,0.008360444055059943,0.13714308546494514,-0.028822914194707262,0.003961167543865317,-0.036785852608537686,-0.08529372358310341,0.011722018366028047,3527,95
judicial,Judicial,corruption_to_populism,granger,common,2,corruption_judicial_lag2,0.006168640072334089,0.006903786049292712,0.3716447901909663,-0.007367380541824938,0.019704660686493115,0.01825444428204053,-0.021801796835010604,0.058310685399091663,3527,95
